"116.100.117.97	"
"191.103.68.186	"
"83.235.189.173	"
"190.15.208.250	"
"200.201.195.221	"
"41.217.220.134	"
"181.13.227.26	"
"103.69.111.12	"
"86.124.138.216	"
"217.165.61.165	"
"84.205.235.8	"
"190.202.89.199	"
"190.52.106.50	"
"61.57.226.1	"
"71.149.148.55	"
"85.20.250.68	"
"122.53.87.232	"
"200.178.174.150	"
"179.62.66.179	"
"201.215.17.209	"
"201.176.3.171	"
"161.0.51.85	"
"190.108.94.158	"
"177.107.129.10	"
"138.94.114.134	"
"186.3.221.181	"
"1.53.2.244	"
"189.112.105.199	"
"118.69.120.29	"
"187.157.144.50	"
"88.41.35.2	"
"181.48.114.162	"
"191.97.184.94	"
"168.196.128.82	"
"200.94.80.162	"
"201.77.65.223	"
"138.59.32.208	"
"134.0.206.214	"
"115.74.177.11	"
"181.171.217.74	"
"186.67.11.130	"
"187.62.196.158	"
"177.226.229.126	"
"203.40.43.220	"
"113.161.86.149	"
"190.120.101.77	"
"138.121.113.235	"
"190.111.216.138	"
"102.115.240.254	"
"201.131.159.15	"
"1.173.22.79	"
"201.176.1.4	"
"187.33.206.40	"
"41.190.58.209	"
"80.20.82.222	"
"168.121.66.146	"
"201.46.29.251	"
"187.190.180.226	"
"78.60.55.10	"
"200.150.114.12	"
"170.83.84.106	"
"91.238.56.233	"
"186.5.75.227	"
"81.250.250.220	"
"115.132.47.97	"
"200.54.97.98	"
"79.129.102.78	"
"190.191.247.140	"
"185.14.240.121	"
"95.123.61.44	"
"190.50.199.204	"
"200.149.181.64	"
"79.129.147.18	"
"195.175.201.126	"
"113.160.178.76	"
"181.174.102.111	"
"213.14.14.74	"
"200.104.19.62	"
"117.85.189.72	"
"190.193.105.18	"
"179.66.169.181	"
"177.23.168.125	"
"201.177.95.132	"
"79.129.206.148	"
"186.211.92.53	"
"94.69.223.123	"
"82.62.67.8	"
"45.7.27.64	"
"177.69.196.97	"
"197.89.152.10	"
"190.55.48.98	"
"80.151.131.149	"
"27.70.216.203	"
"186.103.144.50	"
"154.66.240.94	"
"92.111.92.118	"
"190.131.121.88	"
"50.197.33.214	"
"200.80.203.218	"
"200.6.223.245	"
"201.151.132.180	"
"201.76.9.202	"
"41.230.24.150	"
"187.188.154.72	"
"189.39.32.161	"
"200.187.174.8	"
"113.118.84.141	"
"195.225.140.194	"
"190.40.120.114	"
"39.37.150.215	"
"181.135.8.150	"
"186.3.25.37	"
"194.219.205.76	"
"138.117.17.114	"
"165.255.82.144	"
"187.109.245.30	"
"103.38.192.38	"
"190.237.202.38	"
"187.188.32.227	"
"181.10.235.164	"
"181.39.134.22	"
"152.170.121.217	"
"187.58.133.166	"
"177.47.150.9	"
"186.200.15.139	"
"41.205.70.150	"
"102.182.8.22	"
"105.227.91.224	"
"45.6.81.240	"
"185.193.201.9	"
"89.16.96.42	"
"181.39.171.133	"
"190.181.136.234	"
"197.248.140.250	"
"152.172.173.216	"
"177.68.157.38	"
"201.241.0.123	"
"177.54.226.164	"
"190.120.17.154	"
"189.23.142.229	"
"62.169.200.142	"
"103.85.251.62	"
"98.223.185.104	"
"96.94.106.66	"
"91.205.68.167	"
"190.113.31.34	"
"118.161.212.176	"
"184.69.235.78	"
"189.179.112.36	"
"181.20.71.47	"
"191.97.154.2	"
"195.146.242.254	"
"31.155.100.255	"
"93.148.250.215	"
"45.181.12.118	"
"200.158.54.62	"
"186.200.62.146	"
"177.135.136.10	"
"46.235.7.245	"
"181.122.158.193	"
"190.107.51.26	"
"202.169.46.226	"
"185.16.166.135	"
"85.74.193.14	"
"181.52.250.108	"
"191.54.59.13	"
"191.182.239.241	"
"179.208.181.82	"
"190.160.13.155	"
"200.110.101.131	"
"92.60.181.157	"
"201.206.147.132	"
"181.20.52.158	"
"177.230.191.40	"
"189.49.61.68	"
"45.169.168.92	"
"23.240.171.240	"
"78.96.82.221	"
"41.215.121.246	"
"186.101.114.107	"
"96.68.24.177	"
"201.148.82.206	"
"201.175.99.72	"
"177.107.79.90	"
"112.65.126.46	"
"45.172.94.62	"
"201.71.186.66	"
"2.228.137.226	"
"188.118.34.88	"
"50.251.234.81	"
"24.128.205.214	"
"179.33.146.14	"
"86.34.155.70	"
"197.210.8.53	"
"196.210.21.169	"
"51.219.53.93	"
"169.159.210.136	"
"95.225.71.137	"
"186.13.235.59	"
"36.112.0.206	"
"200.124.244.114	"
"105.242.104.218	"
"191.112.19.87	"
"190.177.8.183	"
"186.54.41.68	"
"70.97.198.127	"
"181.42.49.228	"
"177.231.158.44	"
"201.243.66.155	"
"143.208.96.240	"
"67.224.250.130	"
"201.138.31.29	"
"200.146.85.254	"
"45.184.240.18	"
"177.241.235.146	"
"181.229.213.245	"
"219.146.130.120	"
"190.233.5.188	"
"177.190.199.217	"
"191.177.183.9	"
"187.85.57.131	"
"181.199.157.143	"
"179.27.81.170	"
"181.188.144.49	"
"190.0.5.22	"
"201.141.194.238	"
"187.23.107.138	"
"187.105.63.94	"
"148.0.6.62	"
"187.198.82.2	"
"190.161.45.177	"
"186.31.252.9	"
"179.235.161.237	"
"186.224.68.107	"
"143.0.85.206	"
"186.148.67.162	"
"105.225.188.181	"
"5.2.148.211	"
"201.236.158.146	"
"200.169.12.102	"
"201.220.148.232	"
"201.212.112.26	"
"186.226.228.56	"
"190.144.205.40	"
"187.32.90.65	"
"190.255.155.234	"
"5.173.19.157	"
"177.85.157.38	"
"104.201.67.157	"
"177.143.249.199	"
"190.25.236.104	"
"177.84.63.121	"
"93.183.202.190	"
"45.169.126.2	"
"168.205.32.58	"
"41.80.98.125	"
"170.82.190.101	"
"87.202.104.157	"
"105.226.34.215	"
"177.36.177.190	"
"201.216.97.16	"
"190.104.3.210	"
"31.36.207.187	"
"200.27.168.42	"
"138.219.12.82	"
"138.59.97.238	"
"201.48.121.66	"
"179.190.117.49	"
"190.237.93.204	"
"131.108.117.62	"
"201.144.236.21	"
"189.238.43.19	"
"186.138.177.220	"
"2.50.16.181	"
"45.224.85.10	"
"189.108.142.250	"
"181.89.25.172	"
"190.245.96.250	"
"190.144.60.81	"
"179.159.175.195	"
"201.163.51.114	"
"194.44.244.142	"
"132.157.66.30	"
"190.237.27.193	"
"189.216.190.82	"
"190.131.211.26	"
"186.5.130.173	"
"45.4.140.37	"
"122.227.234.62	"
"189.89.20.25	"
"181.39.154.208	"
"201.20.78.109	"
"37.37.179.227	"
"40.138.135.164	"
"201.141.219.102	"
"187.33.47.114	"
"201.82.170.8	"
"191.95.48.169	"
"189.50.252.37	"
"71.95.222.61	"
"190.144.60.67	"
"177.11.145.227	"
"181.168.86.10	"
"201.202.254.42	"
"45.190.4.73	"
"186.159.122.187	"
"188.69.197.72	"
"187.190.162.53	"
"138.118.1.52	"
"201.195.224.70	"
"187.237.25.41	"
"200.6.178.178	"
"179.186.199.41	"
"179.9.232.81	"
"190.26.114.21	"
"187.141.252.162	"
"182.73.244.54	"
"186.30.164.250	"
"31.215.13.116	"
"181.239.34.228	"
"196.70.250.77	"
"79.9.213.194	"
"95.170.140.212	"
"176.88.204.67	"
"186.11.26.24	"
"143.202.254.0	"
"179.52.217.215	"
"72.139.241.120	"
"86.121.226.135	"
"113.164.120.131	"
"179.189.242.74	"
"79.43.109.51	"
"201.235.1.193	"
"190.194.130.83	"
"176.58.225.242	"
"177.36.43.210	"
"87.223.185.189	"
"189.50.252.218	"
"168.232.123.183	"
"186.215.156.250	"
"200.85.176.27	"
"177.73.84.70	"
"190.107.209.42	"
"45.4.111.92	"
"189.45.203.171	"
"189.4.65.144	"
"91.234.25.145	"
"114.31.131.6	"
"168.232.88.248	"
"200.45.144.35	"
"186.53.55.60	"
"189.8.4.229	"
"177.182.72.21	"
"190.166.123.65	"
"204.98.78.243	"
"200.66.43.170	"
"201.33.203.52	"
"187.45.112.13	"
"181.198.32.126	"
"190.13.145.226	"
"154.155.95.21	"
"189.54.216.81	"
"190.80.253.102	"
"108.170.124.202	"
"223.229.235.198	"
"177.53.172.246	"
"177.183.70.25	"
"186.10.12.14	"
"179.234.163.51	"
"62.65.35.134	"
"187.94.159.59	"
"14.242.36.3	"
"187.174.196.50	"
"200.229.231.122	"
"213.194.150.224	"
"91.151.136.86	"
"143.255.140.112	"
"201.247.156.17	"
"190.55.255.116	"
"83.149.155.98	"
"189.129.167.252	"
"78.4.156.178	"
"62.28.229.182	"
"191.113.206.16	"
"112.196.162.74	"
"45.169.88.194	"
"177.184.194.210	"
"141.226.192.186	"
"67.84.34.23	"
"45.70.215.1	"
"186.189.67.9	"
"68.236.213.38	"
"70.117.207.114	"
"195.239.176.182	"
"45.71.128.117	"
"78.56.176.165	"
"189.213.123.26	"
"177.156.101.157	"
"37.14.11.12	"
"186.22.238.88	"
"186.4.166.65	"
"168.196.201.154	"
"200.54.168.212	"
"201.151.177.18	"
"189.95.38.169	"
"200.182.119.50	"
"207.38.206.154	"
"201.77.168.3	"
"168.194.0.194	"
"181.115.93.30	"
"1.53.15.250	"
"189.145.148.162	"
"190.60.223.10	"
"181.143.101.26	"
"186.249.217.222	"
"94.66.221.30	"
"200.45.79.84	"
"79.11.53.62	"
"41.206.54.34	"
"187.176.63.41	"
"94.71.32.171	"
"177.75.152.212	"
"151.38.105.147	"
"113.20.89.9	"
"89.212.114.61	"
"190.161.249.251	"
"190.103.31.5	"
"181.88.182.36	"
"182.71.136.34	"
"2.84.229.55	"
"79.35.109.206	"
"191.13.7.87	"
"58.187.81.38	"
"190.18.166.176	"
"187.189.64.143	"
"200.35.188.201	"
"187.92.75.186	"
"187.32.60.18	"
"112.134.157.242	"
"94.66.5.14	"
"82.185.123.242	"
"201.202.91.66	"
"181.123.161.8	"
"200.115.48.110	"
"2.136.24.120	"
"45.160.166.10	"
"62.193.59.88	"
"151.50.99.51	"
"72.128.204.250	"
"187.109.101.31	"
"45.182.161.214	"
"186.206.138.9	"
"179.184.25.98	"
"45.7.12.62	"
"188.21.109.122	"
"200.205.6.124	"
"61.245.169.64	"
"190.212.254.16	"
"190.117.177.142	"
"80.15.195.3	"
"191.220.35.119	"
"203.210.232.236	"
"181.198.246.178	"
"152.206.124.182	"
"103.246.0.104	"
"218.29.46.44	"
"212.18.181.14	"
"117.121.201.10	"
"186.22.238.24	"
"190.212.24.18	"
"78.62.80.184	"
"191.82.227.113	"
"212.174.35.150	"
"1.223.150.138	"
"201.161.7.234	"
"92.174.73.77	"
"118.69.60.241	"
"85.75.36.57	"
"154.127.122.162	"
"94.70.119.175	"
"185.154.67.238	"
"200.111.192.246	"
"187.190.171.255	"
"190.131.221.160	"
"201.176.3.43	"
"183.95.48.119	"
"94.31.102.48	"
"217.59.178.166	"
"221.118.254.160	"
"200.75.6.202	"
"119.92.70.131	"
"95.223.74.126	"
"201.146.208.103	"
"95.60.156.179	"
"79.129.225.146	"
"186.214.102.47	"
"189.216.130.230	"
"187.12.229.58	"
"36.93.33.57	"
"181.39.175.22	"
"189.170.18.102	"
"177.30.47.44	"
"103.77.137.2	"
"95.136.11.157	"
"181.198.67.93	"
"45.50.11.163	"
"85.44.100.57	"
"189.180.40.160	"
"187.212.31.225	"
"187.250.234.38	"
"111.207.181.208	"
"171.233.26.28	"
"165.255.72.18	"
"217.165.3.73	"
"84.234.224.66	"
"175.139.203.133	"
"121.122.84.81	"
"89.83.122.210	"
"186.147.147.153	"
"170.238.215.37	"
"138.118.109.38	"
"187.19.197.46	"
"190.85.50.85	"
"189.158.43.217	"
"201.182.86.105	"
"83.236.135.121	"
"138.255.60.82	"
"45.65.169.2	"
"187.120.14.170	"
"86.124.71.123	"
"198.72.244.10	"
"197.185.106.112	"
"189.238.37.176	"
"191.83.56.211	"
"24.232.123.225	"
"200.195.167.142	"
"191.55.193.98	"
"177.91.251.138	"
"202.1.182.164	"
"201.6.175.183	"
"190.85.254.197	"
"190.254.22.131	"
"84.243.13.41	"
"177.43.104.42	"
"31.128.72.160	"
"177.154.32.98	"
"117.102.80.162	"
"82.119.134.202	"
"187.199.15.150	"
"125.209.91.34	"
"217.100.28.178	"
"187.189.148.78	"
"162.235.62.210	"
"165.255.241.19	"
"190.143.246.194	"
"181.37.44.23	"
"201.236.137.114	"
"190.237.34.211	"
"200.68.8.84	"
"181.199.58.57	"
"197.232.253.14	"
"2.50.58.152	"
"190.55.183.163	"
"191.95.48.188	"
"45.220.11.17	"
"47.232.169.216	"
"187.135.224.150	"
"31.204.253.152	"
"103.255.5.117	"
"85.75.151.239	"
"195.68.40.200	"
"88.119.159.69	"
"62.205.184.163	"
"191.7.172.103	"
"170.83.68.229	"
"189.202.86.62	"
"118.70.180.29	"
"88.118.136.44	"
"62.121.116.206	"
"148.69.70.223	"
"43.247.62.80	"
"113.161.151.14	"
"188.49.67.22	"
"210.7.22.51	"
"91.138.200.206	"
"84.78.200.24	"
"45.178.2.43	"
"191.95.166.50	"
"200.198.1.201	"
"200.194.10.195	"
"94.68.10.49	"
"88.204.206.202	"
"190.115.14.135	"
"113.160.186.162	"
"187.62.8.38	"
"187.20.2.1	"
"148.216.53.30	"
"41.139.232.226	"
"187.0.118.192	"
"187.8.168.14	"
"190.178.223.61	"
"78.134.99.184	"
"190.193.196.235	"
"105.155.90.86	"
"186.154.234.165	"
"186.206.134.195	"
"183.182.111.57	"
"200.210.150.194	"
"41.62.178.49	"
"190.109.32.235	"
"122.227.130.62	"
"181.50.102.193	"
"152.0.37.235	"
"189.238.215.132	"
"82.76.188.136	"
"187.85.167.26	"
"186.3.221.85	"
"79.153.190.190	"
"186.101.220.100	"
"165.98.70.214	"
"201.63.224.67	"
"186.4.141.230	"
"201.184.112.235	"
"189.231.118.137	"
"88.157.32.47	"
"175.111.113.2	"
"177.220.191.139	"
"112.199.97.222	"
"201.15.24.16	"
"181.66.206.174	"
"185.11.116.55	"
"168.196.152.211	"
"186.232.202.249	"
"201.141.193.110	"
"200.110.90.86	"
"201.55.92.42	"
"212.156.97.34	"
"177.220.177.177	"
"177.87.71.10	"
"222.69.242.10	"
"189.159.200.130	"
"82.79.246.174	"
"202.22.237.4	"
"94.70.200.178	"
"45.237.2.210	"
"41.224.248.232	"
"186.148.135.10	"
"79.117.177.114	"
"190.183.255.100	"
"94.53.91.82	"
"190.45.126.120	"
"181.234.249.211	"
"41.228.161.117	"
"200.192.208.190	"
"105.112.112.183	"
"177.241.32.57	"
"14.169.68.22	"
"181.48.20.194	"
"201.255.14.227	"
"191.245.77.20	"
"83.139.56.107	"
"80.13.19.194	"
"85.132.12.55	"
"197.54.145.110	"
"181.188.177.81	"
"201.218.17.234	"
"190.14.43.26	"
"186.206.255.81	"
"187.157.114.55	"
"177.190.204.42	"
"43.231.28.168	"
"79.130.8.139	"
"190.96.126.194	"
"83.206.142.53	"
"201.238.226.154	"
"191.111.128.17	"
"190.208.21.100	"
"186.225.10.219	"
"2.63.96.168	"
"79.129.3.3	"
"138.204.34.239	"
"190.237.173.15	"
"181.44.60.211	"
"152.169.195.199	"
"181.198.227.136	"
"190.171.208.159	"
"201.28.218.138	"
"85.73.51.15	"
"181.210.22.120	"
"160.0.198.88	"
"190.92.105.18	"
"67.51.95.106	"
"177.53.81.234	"
"36.84.42.175	"
"186.121.204.245	"
"200.178.158.82	"
"190.66.234.39	"
"190.188.169.91	"
"123.231.8.236	"
"115.69.253.114	"
"197.221.255.4	"
"190.196.167.66	"
"213.4.81.98	"
"178.22.7.98	"
"177.222.63.108	"
"45.232.132.169	"
"202.51.254.2	"
"181.198.211.49	"
"187.109.131.179	"
"201.143.79.136	"
"181.39.108.159	"
"124.240.198.214	"
"189.113.65.98	"
"190.95.214.13	"
"177.181.31.145	"
"89.216.125.2	"
"186.194.240.45	"
"86.120.24.9	"
"186.145.177.78	"
"186.225.96.38	"
"45.122.50.85	"
"186.134.152.117	"
"190.211.242.222	"
"186.87.185.23	"
"190.63.172.146	"
"179.215.123.127	"
"66.35.73.42	"
"186.42.104.162	"
"190.104.112.208	"
"179.183.50.123	"
"65.183.14.78	"
"12.207.94.82	"
"128.65.21.108	"
"181.78.5.199	"
"194.67.7.34	"
"168.205.125.195	"
"41.162.3.201	"
"177.92.165.95	"
"114.154.241.86	"
"190.92.53.214	"
"62.168.190.22	"
"115.77.187.246	"
"186.67.165.150	"
"213.197.173.54	"
"186.225.51.218	"
"187.144.169.205	"
"187.103.162.38	"
"177.23.183.74	"
"177.200.88.114	"
"24.72.140.201	"
"189.223.132.253	"
"187.188.187.227	"
"45.237.179.235	"
"186.1.21.36	"
"152.231.116.40	"
"169.1.48.220	"
"177.103.237.193	"
"177.200.89.49	"
"79.20.125.7	"
"168.243.90.166	"
"190.237.114.43	"
"167.249.37.20	"
"83.103.132.12	"
"82.76.52.155	"
"202.22.228.87	"
"197.248.102.250	"
"107.159.43.236	"
"175.136.192.129	"
"177.236.46.146	"
"203.163.254.126	"
"200.111.60.5	"
"200.42.190.82	"
"209.146.26.210	"
"36.92.159.253	"
"77.157.197.84	"
"181.196.137.210	"
"181.93.240.30	"
"132.255.217.64	"
"131.255.214.230	"
"177.87.236.68	"
"200.52.58.12	"
"189.169.14.158	"
"95.142.179.165	"
"188.227.195.18	"
"170.82.136.68	"
"195.182.68.28	"
"86.126.141.45	"
"186.1.1.83	"
"170.0.121.29	"
"77.229.239.170	"
"189.148.82.0	"
"185.87.100.221	"
"186.176.18.161	"
"191.13.252.17	"
"177.144.130.68	"
"78.58.172.238	"
"5.2.131.73	"
"193.214.235.66	"
"50.45.55.152	"
"181.48.78.130	"
"190.46.56.37	"
"201.187.101.222	"
"195.135.127.79	"
"32.140.149.62	"
"45.159.74.160	"
"181.80.38.5	"
"79.129.102.129	"
"187.73.153.163	"
"102.132.5.164	"
"95.251.132.156	"
"190.167.37.120	"
"168.227.170.106	"
"112.25.196.251	"
"108.41.130.48	"
"105.233.224.235	"
"190.50.42.23	"
"88.2.152.107	"
"86.98.47.237	"
"179.109.66.11	"
"186.0.75.160	"
"187.18.107.114	"
"186.212.99.73	"
"201.80.1.38	"
"152.32.112.240	"
"113.161.197.168	"
"186.137.146.67	"
"200.55.189.13	"
"190.191.237.21	"
"119.153.150.208	"
"190.130.79.133	"
"186.101.7.132	"
"200.7.204.30	"
"187.189.191.148	"
"187.139.13.207	"
"195.62.184.140	"
"190.0.3.210	"
"45.177.108.198	"
"190.158.228.12	"
"74.81.105.180	"
"181.120.141.205	"
"201.141.87.244	"
"200.5.254.10	"
"190.62.172.191	"
"187.190.254.148	"
"117.6.2.101	"
"190.147.5.69	"
"187.187.224.71	"
"190.104.168.121	"
"60.26.160.163	"
"191.60.117.67	"
"187.9.120.131	"
"131.0.5.248	"
"50.240.48.241	"
"148.75.59.101	"
"200.195.6.154	"
"202.43.13.195	"
"190.85.128.94	"
"190.55.248.243	"
"190.208.144.7	"
"105.242.226.53	"
"203.194.105.161	"
"190.145.150.189	"
"179.127.140.122	"
"186.249.224.94	"
"187.44.137.254	"
"189.115.44.114	"
"179.191.240.82	"
"93.41.36.153	"
"128.201.160.60	"
"91.199.124.66	"
"77.139.193.121	"
"187.163.91.39	"
"179.12.166.107	"
"138.0.224.21	"
"189.35.109.56	"
"201.236.194.138	"
"179.243.85.35	"
"39.42.185.166	"
"201.229.157.80	"
"66.211.121.214	"
"131.100.215.242	"
"177.70.171.183	"
"94.66.222.214	"
"186.59.237.233	"
"211.24.117.22	"
"201.217.141.182	"
"186.138.44.150	"
"176.57.32.67	"
"181.188.219.10	"
"159.192.120.243	"
"186.24.3.154	"
"86.147.176.131	"
"181.55.92.240	"
"123.22.234.88	"
"200.91.205.198	"
"124.105.81.40	"
"177.221.217.92	"
"187.109.4.69	"
"177.137.98.207	"
"177.125.221.4	"
"79.60.132.164	"
"176.165.63.180	"
"121.13.153.219	"
"190.133.193.0	"
"79.61.71.136	"
"85.94.127.171	"
"77.49.77.103	"
"201.238.214.210	"
"58.69.107.108	"
"187.93.138.220	"
"45.70.16.43	"
"181.221.53.141	"
"177.73.101.96	"
"200.223.48.138	"
"152.168.18.49	"
"177.38.182.72	"
"45.6.230.21	"
"102.115.249.71	"
"201.187.104.219	"
"113.193.238.44	"
"189.91.192.181	"
"45.6.165.226	"
"94.98.223.196	"
"37.116.152.122	"
"190.234.120.189	"
"81.186.15.106	"
"191.37.50.55	"
"157.45.43.82	"
"105.186.243.246	"
"186.145.163.3	"
"189.108.45.122	"
"190.49.221.201	"
"37.182.134.142	"
"177.5.50.1	"
"189.110.143.170	"
"187.19.206.138	"
"177.84.209.31	"
"186.61.12.148	"
"194.30.255.54	"
"86.124.84.18	"
"186.179.100.86	"
"191.95.132.23	"
"189.4.222.73	"
"190.181.2.75	"
"177.193.133.126	"
"190.84.119.78	"
"82.223.10.132	"
"186.248.82.250	"
"177.228.51.112	"
"201.87.74.209	"
"200.123.161.157	"
"200.89.99.78	"
"12.181.27.38	"
"168.181.149.15	"
"200.68.125.150	"
"185.82.252.124	"
"179.217.165.154	"
"45.221.4.39	"
"207.134.169.68	"
"5.2.192.41	"
"200.5.71.38	"
"203.67.254.237	"
"187.195.66.50	"
"101.69.30.135	"
"77.139.153.188	"
"177.66.192.94	"
"190.128.229.98	"
"151.43.156.200	"
"200.198.1.196	"
"189.5.62.129	"
"185.119.224.2	"
"197.82.214.36	"
"130.25.67.150	"
"187.133.174.254	"
"186.84.174.175	"
"95.253.204.133	"
"5.89.113.34	"
"177.129.17.173	"
"190.212.184.212	"
"173.219.156.44	"
"46.97.16.3	"
"94.31.103.122	"
"183.215.207.50	"
"113.161.161.155	"
"186.170.209.47	"
"177.72.48.227	"
"200.170.210.198	"
"187.58.135.226	"
"186.206.233.78	"
"213.249.27.250	"
"138.186.125.32	"
"200.29.239.158	"
"12.235.147.34	"
"5.173.178.26	"
"200.85.53.118	"
"201.76.187.123	"
"200.150.98.187	"
"72.42.147.50	"
"181.26.45.34	"
"175.138.62.29	"
"41.224.246.80	"
"189.216.67.79	"
"191.205.20.158	"
"191.241.79.154	"
"161.22.177.96	"
"190.84.116.16	"
"186.232.165.32	"
"195.138.76.38	"
"200.182.18.82	"
"177.8.24.9	"
"185.8.112.169	"
"78.61.170.169	"
"201.182.242.211	"
"14.161.32.187	"
"50.226.53.234	"
"190.111.17.125	"
"41.80.97.231	"
"45.172.218.73	"
"103.199.42.134	"
"189.203.162.165	"
"186.61.122.137	"
"191.54.130.147	"
"190.139.125.92	"
"185.99.5.224	"
"160.238.221.53	"
"72.38.92.230	"
"189.165.105.214	"
"200.5.116.251	"
"200.23.19.82	"
"187.253.120.97	"
"147.236.146.228	"
"113.161.61.40	"
"177.135.74.123	"
"88.119.49.26	"
"190.14.239.83	"
"190.11.21.178	"
"179.154.192.66	"
"200.35.169.126	"
"168.227.227.234	"
"190.151.172.5	"
"201.160.157.191	"
"159.224.166.89	"
"86.104.130.13	"
"189.213.101.145	"
"93.56.160.248	"
"94.66.59.178	"
"91.166.120.68	"
"191.37.59.200	"
"189.50.111.156	"
"179.190.117.69	"
"177.139.202.234	"
"177.106.22.123	"
"217.149.164.78	"
"45.232.119.155	"
"179.49.8.141	"
"113.173.66.12	"
"190.26.209.153	"
"67.214.201.117	"
"179.6.194.46	"
"186.248.143.242	"
"181.123.7.105	"
"181.113.64.75	"
"189.112.105.125	"
"191.220.38.122	"
"180.167.166.202	"
"177.200.212.118	"
"187.44.165.210	"
"193.227.232.252	"
"200.170.182.57	"
"155.186.50.138	"
"86.120.26.14	"
"218.85.140.179	"
"197.185.117.230	"
"36.79.83.94	"
"187.205.51.249	"
"70.234.254.187	"
"179.50.148.110	"
"189.84.146.236	"
"179.24.202.3	"
"200.159.40.226	"
"170.239.73.39	"
"185.42.226.103	"
"86.57.154.184	"
"176.88.75.209	"
"200.174.48.67	"
"36.153.155.138	"
"81.7.69.76	"
"120.202.192.92	"
"181.40.108.74	"
"168.196.25.70	"
"85.35.191.137	"
"94.66.220.164	"
"191.185.56.100	"
"113.161.72.212	"
"152.231.168.101	"
"105.226.16.51	"
"14.160.184.156	"
"189.124.19.50	"
"188.26.126.198	"
"190.102.237.163	"
"201.3.11.50	"
"190.109.208.61	"
"80.31.103.206	"
"89.147.205.105	"
"193.137.44.132	"
"187.163.207.71	"
"200.167.67.140	"
"88.222.11.80	"
"189.163.196.90	"
"186.216.143.37	"
"177.128.243.24	"
"181.48.127.225	"
"190.57.177.238	"
"177.76.114.102	"
"41.78.87.2	"
"201.219.82.200	"
"200.119.209.90	"
"181.49.232.210	"
"186.209.25.125	"
"181.229.16.112	"
"190.104.150.202	"
"62.1.84.252	"
"118.100.38.155	"
"212.32.194.143	"
"201.147.247.98	"
"179.214.139.231	"
"170.150.3.2	"
"177.223.98.142	"
"181.230.118.163	"
"191.182.137.254	"
"188.2.171.35	"
"191.189.7.109	"
"181.26.2.171	"
"45.64.90.74	"
"171.113.24.91	"
"187.200.181.181	"
"187.32.232.217	"
"80.106.187.38	"
"165.255.107.31	"
"190.128.142.230	"
"191.100.24.54	"
"188.71.208.114	"
"191.116.116.193	"
"174.91.77.129	"
"186.195.230.198	"
"59.125.191.131	"
"200.181.12.62	"
"187.95.152.94	"
"170.83.180.46	"
"181.174.102.97	"
"87.19.54.104	"
"78.62.56.62	"
"181.223.187.56	"
"190.104.242.251	"
"201.86.132.243	"
"200.11.11.252	"
"170.231.25.171	"
"187.111.23.181	"
"201.149.82.94	"
"154.66.193.215	"
"41.169.20.150	"
"186.67.230.148	"
"190.95.249.90	"
"82.77.237.248	"
"181.174.102.137	"
"195.135.127.187	"
"190.64.132.13	"
"177.87.165.150	"
"46.12.72.201	"
"200.229.239.90	"
"186.157.128.124	"
"68.114.152.43	"
"41.164.68.218	"
"190.104.203.98	"
"171.224.180.186	"
"187.189.75.208	"
"201.183.82.25	"
"86.120.179.195	"
"170.244.75.224	"
"187.225.204.197	"
"201.182.249.246	"
"77.49.225.230	"
"177.221.110.194	"
"186.190.202.148	"
"201.235.215.69	"
"129.232.18.161	"
"201.217.200.82	"
"113.161.1.214	"
"189.91.231.150	"
"201.17.191.250	"
"84.126.11.130	"
"197.221.251.21	"
"191.5.236.36	"
"115.79.33.91	"
"190.183.219.64	"
"177.220.172.118	"
"190.132.69.126	"
"79.101.188.153	"
"179.83.97.22	"
"189.146.136.200	"
"200.105.229.22	"
"187.109.20.142	"
"77.224.184.215	"
"200.215.173.134	"
"177.139.245.196	"
"186.116.89.180	"
"177.125.236.117	"
"207.248.230.145	"
"117.6.84.237	"
"47.180.5.8	"
"177.134.215.14	"
"187.49.88.57	"
"190.150.232.245	"
"168.205.48.154	"
"181.39.198.36	"
"181.209.165.10	"
"188.173.163.19	"
"148.101.220.149	"
"186.216.246.43	"
"197.34.175.18	"
"191.177.182.55	"
"189.10.225.106	"
"94.67.80.32	"
"132.255.73.59	"
"186.227.57.110	"
"187.50.45.235	"
"106.69.108.194	"
"41.218.105.94	"
"80.155.157.146	"
"190.86.109.161	"
"63.119.101.130	"
"121.122.51.145	"
"177.125.81.33	"
"196.203.72.103	"
"95.240.6.226	"
"84.15.170.208	"
"201.158.105.92	"
"213.194.161.133	"
"2.139.222.40	"
"179.106.2.201	"
"201.143.135.40	"
"201.231.164.242	"
"187.171.195.187	"
"170.80.2.182	"
"177.104.126.43	"
"200.55.136.222	"
"187.188.186.108	"
"200.125.190.170	"
"189.195.137.162	"
"190.145.28.178	"
"190.51.186.162	"
"181.29.42.115	"
"176.58.192.250	"
"181.209.214.64	"
"177.46.143.9	"
"187.32.169.193	"
"190.242.60.208	"
"41.228.162.52	"
"161.22.25.52	"
"88.222.139.59	"
"177.193.30.70	"
"187.135.135.30	"
"189.204.216.82	"
"181.175.200.2	"
"181.115.140.208	"
"190.87.63.222	"
"5.14.25.45	"
"188.52.5.32	"
"190.188.170.47	"
"181.48.199.166	"
"190.237.93.191	"
"151.99.171.66	"
"177.183.86.170	"
"186.1.225.62	"
"187.190.19.69	"
"216.98.238.29	"
"189.57.119.154	"
"177.69.125.28	"
"177.36.60.34	"
"187.157.113.50	"
"189.189.220.190	"
"186.215.200.50	"
"186.176.163.171	"
"186.18.140.115	"
"191.6.80.6	"
"167.249.216.152	"
"187.189.240.81	"
"189.91.141.70	"
"181.199.52.203	"
"177.157.2.153	"
"187.109.245.55	"
"191.119.181.133	"
"186.119.94.106	"
"190.57.164.182	"
"45.80.253.10	"
"179.189.200.185	"
"191.83.196.197	"
"191.112.138.81	"
"181.44.131.225	"
"62.38.248.156	"
"190.104.148.120	"
"201.111.183.70	"
"200.108.130.78	"
"190.13.162.50	"
"121.58.189.132	"
"189.174.124.122	"
"89.136.141.76	"
"94.66.220.57	"
"35.157.204.48	"
"46.235.7.241	"
"212.131.132.25	"
"124.43.4.215	"
"105.242.103.218	"
"170.238.191.230	"
"191.84.210.185	"
"177.97.116.200	"
"115.97.43.147	"
"200.233.163.109	"
"138.99.255.75	"
"189.90.87.143	"
"202.152.71.71	"
"201.16.166.186	"
"190.0.51.38	"
"41.77.13.62	"
"186.28.0.171	"
"191.125.189.88	"
"85.74.232.81	"
"182.184.33.250	"
"200.111.107.178	"
"177.69.26.105	"
"84.15.191.252	"
"189.216.87.198	"
"181.230.4.146	"
"190.188.130.192	"
"93.61.142.196	"
"200.94.89.102	"
"185.230.22.194	"
"201.181.1.173	"
"90.63.246.70	"
"91.140.20.156	"
"87.20.133.122	"
"200.56.62.84	"
"189.210.26.190	"
"177.87.37.41	"
"164.163.153.143	"
"68.15.240.38	"
"82.208.139.30	"
"72.252.129.16	"
"201.80.1.101	"
"92.51.103.174	"
"191.99.150.217	"
"85.206.2.149	"
"93.36.166.148	"
"201.42.52.65	"
"103.252.169.115	"
"69.47.236.65	"
"83.235.178.135	"
"200.92.196.34	"
"190.145.209.169	"
"148.103.8.3	"
"181.123.177.84	"
"181.94.220.173	"
"151.47.82.153	"
"190.5.46.54	"
"31.44.169.100	"
"179.113.121.148	"
"187.134.233.39	"
"113.179.138.68	"
"197.240.125.32	"
"185.32.235.230	"
"169.1.32.233	"
"14.173.123.61	"
"190.242.150.3	"
"179.39.39.2	"
"139.47.3.8	"
"181.118.101.8	"
"94.182.29.177	"
"109.121.89.55	"
"196.206.172.247	"
"197.229.135.221	"
"94.70.34.19	"
"177.228.0.24	"
"201.55.162.186	"
"41.169.80.160	"
"190.95.252.236	"
"191.241.187.5	"
"189.45.198.18	"
"212.5.155.236	"
"190.12.43.171	"
"182.187.138.204	"
"41.157.114.139	"
"46.52.45.174	"
"181.50.252.130	"
"187.220.2.172	"
"190.194.1.28	"
"173.161.182.234	"
"189.176.255.112	"
"86.35.208.3	"
"93.44.189.209	"
"201.208.233.9	"
"160.20.166.11	"
"201.77.129.226	"
"190.14.158.254	"
"83.212.23.1	"
"179.189.121.106	"
"189.39.23.89	"
"95.104.115.38	"
"190.104.177.56	"
"181.168.88.78	"
"201.106.49.181	"
"201.184.109.146	"
"41.215.171.157	"
"201.63.179.170	"
"190.98.253.206	"
"189.20.60.146	"
"181.229.178.235	"
"181.198.190.55	"
"72.139.242.119	"
"82.204.235.114	"
"190.231.64.28	"
"186.236.144.151	"
"168.0.148.34	"
"161.0.50.122	"
"95.155.17.197	"
"213.197.182.160	"
"124.16.131.125	"
"201.48.152.145	"
"79.178.0.112	"
"186.46.202.220	"
"187.136.46.73	"
"190.221.15.30	"
"181.67.136.25	"
"189.91.239.207	"
"217.128.130.47	"
"177.103.218.247	"
"177.19.244.90	"
"200.183.153.83	"
"190.14.238.18	"
"191.13.252.98	"
"79.62.178.247	"
"190.54.119.105	"
"177.126.81.20	"
"91.232.188.53	"
"213.174.179.144	"
"179.252.10.186	"
"121.100.18.179	"
"182.176.223.31	"
"212.85.140.125	"
"190.85.100.74	"
"190.77.17.210	"
"167.249.180.53	"
"197.82.219.186	"
"36.71.234.155	"
"171.99.153.92	"
"110.36.222.6	"
"41.146.146.11	"
"118.99.100.124	"
"49.228.169.96	"
"94.29.124.126	"
"180.241.84.159	"
"118.70.178.9	"
"94.240.230.5	"
"31.171.71.238	"
"39.48.130.189	"
"182.253.62.138	"
"91.236.126.19	"
"182.253.171.211	"
"175.158.44.99	"
"62.169.208.164	"
"14.120.100.98	"
"187.32.87.49	"
"101.224.207.161	"
"81.89.14.113	"
"185.62.171.19	"
"220.247.234.78	"
"118.137.218.179	"
"118.167.68.2	"
"122.54.107.140	"
"103.70.153.6	"
"223.27.244.100	"
"39.50.35.49	"
"152.231.1.107	"
"213.131.33.134	"
"203.130.0.71	"
"201.103.157.195	"
"200.251.156.242	"
"124.43.64.90	"
"41.75.99.170	"
"139.193.87.218	"
"87.249.5.214	"
"197.254.72.102	"
"186.84.90.239	"
"111.119.183.46	"
"41.231.86.37	"
"38.26.19.130	"
"190.18.181.10	"
"76.8.237.242	"
"80.28.255.171	"
"24.178.115.142	"
"119.160.167.13	"
"197.185.96.206	"
"46.92.149.206	"
"121.122.114.75	"
"146.0.209.127	"
"114.143.135.162	"
"43.252.233.236	"
"85.105.93.170	"
"81.42.251.187	"
"105.184.20.91	"
"152.32.96.189	"
"189.252.98.129	"
"37.208.154.14	"
"114.4.3.4	"
"107.140.143.71	"
"83.110.220.122	"
"103.199.40.137	"
"88.247.139.196	"
"165.255.59.49	"
"70.118.102.202	"
"113.161.102.185	"
"168.228.225.27	"
"217.15.190.194	"
"212.166.142.141	"
"193.252.105.243	"
"2.238.16.123	"
"46.141.76.138	"
"186.59.6.120	"
"74.142.124.194	"
"185.212.18.2	"
"58.210.37.102	"
"115.135.14.88	"
"124.82.84.216	"
"212.210.233.169	"
"41.175.242.204	"
"83.36.115.229	"
"115.188.210.74	"
"65.51.36.114	"
"103.106.31.29	"
"187.171.195.82	"
"201.105.199.60	"
"118.100.102.124	"
"125.160.113.190	"
"75.150.79.41	"
"181.57.185.162	"
"110.54.165.39	"
"173.176.145.209	"
"68.134.166.7	"
"51.235.162.18	"
"176.203.187.232	"
"49.145.142.12	"
"50.192.7.173	"
"84.205.228.1	"
"94.66.111.121	"
"91.80.152.46	"
"71.188.17.150	"
"93.92.236.64	"
"189.238.91.32	"
"84.21.146.195	"
"113.161.79.113	"
"12.28.46.83	"
"115.75.36.223	"
"95.9.190.195	"
"31.4.242.227	"
"190.221.60.20	"
"208.191.195.184	"
"143.90.222.26	"
"173.195.27.34	"
"175.141.30.168	"
"41.0.239.238	"
"182.176.228.148	"
"179.53.37.13	"
"177.244.34.102	"
"105.22.38.86	"
"77.124.55.206	"
"42.3.224.83	"
"181.198.217.80	"
"191.82.100.161	"
"94.98.215.244	"
"194.242.215.121	"
"123.21.10.155	"
"2.50.5.192	"
"88.149.134.234	"
"123.18.202.239	"
"71.40.70.210	"
"190.60.255.121	"
"2.154.68.9	"
"190.210.225.110	"
"110.130.111.197	"
"1.9.207.246	"
"120.17.151.37	"
"122.54.205.120	"
"68.206.141.58	"
"79.144.179.44	"
"179.36.50.218	"
"61.39.194.130	"
"83.110.234.199	"
"110.86.16.82	"
"66.189.177.138	"
"103.74.218.52	"
"92.96.175.130	"
"113.160.148.107	"
"205.144.223.75	"
"118.173.2.82	"
"47.62.33.204	"
"95.60.159.132	"
"98.109.133.80	"
"181.177.20.24	"
"189.129.147.254	"
"202.124.131.188	"
"190.171.158.234	"
"49.146.55.18	"
"187.147.57.76	"
"110.159.40.26	"
"102.249.2.62	"
"217.165.11.14	"
"58.252.166.214	"
"175.141.3.213	"
"14.43.135.29	"
"180.252.17.184	"
"80.227.137.143	"
"96.56.40.238	"
"41.13.20.84	"
"37.200.74.174	"
"94.99.249.216	"
"71.80.229.255	"
"98.13.75.196	"
"171.100.243.90	"
"220.211.48.157	"
"58.163.132.21	"
"96.11.74.58	"
"86.98.159.235	"
"178.237.226.192	"
"177.129.208.166	"
"186.95.33.181	"
"41.215.1.190	"
"173.224.244.72	"
"80.17.157.210	"
"49.49.245.152	"
"49.204.80.74	"
"45.221.74.158	"
"80.21.108.40	"
"185.179.185.20	"
"85.33.177.57	"
"181.115.59.123	"
"83.110.4.66	"
"152.149.143.88	"
"80.242.212.186	"
"41.175.23.226	"
"68.206.2.82	"
"41.68.198.242	"
"136.33.240.181	"
"24.114.39.127	"
"72.174.98.82	"
"113.210.197.115	"
"36.112.95.238	"
"219.92.13.13	"
"196.207.143.109	"
"190.14.43.99	"
"213.177.29.242	"
"62.94.196.81	"
"200.81.191.74	"
"84.246.218.148	"
"119.207.221.131	"
"2.136.112.232	"
"210.56.12.241	"
"79.8.7.137	"
"86.98.77.122	"
"37.105.73.187	"
"189.205.176.111	"
"70.61.184.114	"
"201.163.247.226	"
"119.136.154.41	"
"5.104.176.166	"
"114.161.202.124	"
"172.109.137.122	"
"203.168.227.114	"
"83.110.214.111	"
"83.110.14.207	"
"124.122.110.41	"
"95.80.66.169	"
"124.66.154.218	"
"181.199.50.198	"
"2.78.60.42	"
"181.39.224.126	"
"122.2.97.221	"
"172.6.112.180	"
"180.253.192.58	"
"2.136.160.50	"
"160.226.233.37	"
"47.23.21.74	"
"125.236.203.143	"
"94.175.203.226	"
"113.161.58.86	"
"88.2.198.185	"
"14.102.190.35	"
"31.197.214.38	"
"122.54.134.161	"
"164.160.151.1	"
"24.88.80.244	"
"79.129.243.34	"
"12.126.58.226	"
"186.6.229.204	"
"103.94.170.236	"
"27.74.250.79	"
"71.43.245.82	"
"2.136.32.94	"
"40.128.255.73	"
"101.78.222.78	"
"118.179.216.44	"
"222.149.29.202	"
"107.141.134.210	"
"61.122.227.17	"
"189.167.223.59	"
"79.106.64.62	"
"119.24.248.44	"
"110.145.201.102	"
"65.25.92.131	"
"88.2.219.120	"
"150.242.229.152	"
"200.118.221.95	"
"41.220.30.134	"
"24.21.87.164	"
"223.205.117.188	"
"86.213.96.126	"
"71.13.161.242	"
"118.100.166.119	"
"211.117.155.194	"
"50.91.154.42	"
"49.0.82.43	"
"58.171.129.68	"
"69.247.56.31	"
"60.29.97.50	"
"181.188.177.36	"
"213.96.204.126	"
"198.101.116.146	"
"81.17.87.247	"
"105.226.130.109	"
"178.221.107.41	"
"125.160.112.202	"
"176.123.128.42	"
"122.176.111.246	"
"68.96.146.85	"
"37.210.106.241	"
"87.140.66.155	"
"90.153.201.132	"
"109.190.206.54	"
"186.30.132.119	"
"46.12.109.72	"
"186.15.116.62	"
"2.136.182.4	"
"128.106.103.8	"
"31.215.39.103	"
"200.52.206.42	"
"180.190.172.2	"
"187.190.155.13	"
"124.106.71.244	"
"94.64.228.226	"
"202.165.46.18	"
"183.89.197.126	"
"123.22.82.56	"
"83.110.148.87	"
"113.177.27.151	"
"76.72.198.51	"
"60.48.217.173	"
"112.206.99.141	"
"102.68.128.138	"
"43.243.62.11	"
"90.101.62.189	"
"182.52.217.102	"
"91.150.90.20	"
"174.76.110.135	"
"124.13.134.170	"
"195.135.0.16	"
"113.161.56.20	"
"212.234.152.169	"
"61.205.217.97	"
"112.133.236.1	"
"175.143.28.203	"
"12.182.153.10	"
"41.215.82.18	"
"168.167.80.239	"
"80.69.49.94	"
"190.148.50.245	"
"200.87.208.83	"
"119.147.212.251	"
"99.15.86.159	"
"217.55.222.91	"
"186.235.193.204	"
"188.162.65.6	"
"5.194.149.158	"
"154.120.232.30	"
"70.53.97.21	"
"31.198.75.147	"
"58.178.22.204	"
"95.255.39.193	"
"96.72.187.174	"
"2.50.15.241	"
"27.54.60.179	"
"58.210.6.166	"
"76.125.119.200	"
"43.252.233.235	"
"217.75.89.180	"
"181.42.19.139	"
"95.120.119.49	"
"5.156.239.28	"
"203.95.12.242	"
"189.186.201.197	"
"96.78.99.41	"
"125.25.23.106	"
"109.242.150.186	"
"87.231.99.206	"
"189.140.66.198	"
"208.66.188.226	"
"192.226.164.75	"
"110.170.202.133	"
"168.167.251.229	"
"128.106.81.32	"
"218.103.122.72	"
"170.83.76.22	"
"200.195.153.138	"
"83.110.156.232	"
"116.104.243.173	"
"58.186.131.223	"
"64.83.241.83	"
"37.127.48.64	"
"88.125.105.229	"
"178.152.16.112	"
"113.160.154.197	"
"113.160.208.77	"
"88.247.6.206	"
"37.183.81.217	"
"51.36.166.17	"
"121.122.56.105	"
"156.155.45.107	"
"195.101.38.60	"
"118.82.171.18	"
"66.97.164.218	"
"196.216.117.156	"
"222.209.35.16	"
"50.247.104.94	"
"172.254.178.245	"
"200.72.140.126	"
"103.43.146.152	"
"111.89.232.190	"
"103.99.75.143	"
"67.51.95.107	"
"183.88.102.21	"
"86.98.143.108	"
"12.196.28.58	"
"196.30.17.130	"
"62.43.206.38	"
"115.84.230.75	"
"100.34.134.51	"
"173.10.237.10	"
"220.214.61.80	"
"82.222.175.158	"
"189.161.113.42	"
"195.135.119.149	"
"197.245.35.106	"
"23.113.212.252	"
"118.101.69.103	"
"222.92.141.77	"
"190.106.206.122	"
"61.126.183.141	"
"118.200.166.28	"
"196.201.22.98	"
"92.154.100.29	"
"84.92.50.252	"
"180.148.5.214	"
"50.35.52.112	"
"103.197.44.237	"
"188.2.68.137	"
"84.246.218.152	"
"182.52.58.18	"
"183.76.178.195	"
"217.12.116.218	"
"139.101.13.3	"
"119.245.44.218	"
"175.144.196.222	"
"83.110.79.114	"
"120.151.209.254	"
"50.76.23.211	"
"41.193.129.50	"
"2.91.15.136	"
"79.3.132.8	"
"201.146.1.138	"
"2.50.4.68	"
"196.61.20.234	"
"67.79.110.214	"
"197.185.115.58	"
"89.147.202.146	"
"58.178.93.173	"
"72.252.27.201	"
"203.149.96.50	"
"1.223.107.90	"
"41.175.9.46	"
"152.86.154.91	"
"95.184.215.153	"
"60.248.140.95	"
"208.73.133.252	"
"187.135.54.125	"
"119.93.149.15	"
"105.23.243.70	"
"70.24.173.53	"
"80.123.223.186	"
"190.104.238.26	"
"187.190.133.159	"
"119.24.104.173	"
"195.198.47.114	"
"31.167.133.49	"
"122.179.156.132	"
"51.235.6.55	"
"192.240.62.22	"
"189.173.112.84	"
"24.187.249.34	"
"47.48.199.246	"
"98.102.10.18	"
"74.57.32.214	"
"217.165.160.74	"
"212.66.106.83	"
"68.103.53.161	"
"50.251.195.201	"
"190.181.62.194	"
"213.241.40.146	"
"203.91.244.90	"
"182.23.13.18	"
"190.216.251.81	"
"200.41.47.212	"
"83.48.62.220	"
"217.165.85.177	"
"98.236.44.253	"
"103.11.161.171	"
"77.231.146.11	"
"74.58.215.226	"
"190.14.34.244	"
"181.199.53.239	"
"177.247.86.116	"
"93.47.12.101	"
"45.24.101.50	"
"78.7.46.178	"
"190.60.241.113	"
"91.219.222.239	"
"2.50.170.50	"
"83.49.254.87	"
"181.225.47.242	"
"85.50.191.69	"
"151.253.76.170	"
"186.65.16.151	"
"31.218.54.74	"
"75.76.173.71	"
"198.72.25.123	"
"190.63.48.122	"
"51.235.165.113	"
"86.98.9.145	"
"185.193.177.154	"
"27.123.137.151	"
"98.35.178.147	"
"129.232.220.7	"
"60.184.228.122	"
"189.157.239.218	"
"37.32.45.250	"
"118.181.167.174	"
"103.70.164.246	"
"186.123.96.215	"
"83.48.41.195	"
"2.136.121.201	"
"109.71.238.133	"
"202.154.187.122	"
"181.209.93.212	"
"66.209.142.178	"
"222.209.34.103	"
"222.252.6.78	"
"190.16.25.166	"
"137.119.102.29	"
"49.149.129.208	"
"152.149.143.166	"
"84.222.214.161	"
"2.50.152.87	"
"78.186.169.225	"
"23.25.144.37	"
"187.188.37.225	"
"118.99.118.161	"
"186.32.75.73	"
"197.249.6.179	"
"2.50.105.34	"
"41.80.70.44	"
"92.190.200.38	"
"46.252.37.242	"
"86.35.35.209	"
"185.48.146.250	"
"45.84.185.96	"
"178.242.186.109	"
"142.116.164.196	"
"45.120.36.16	"
"187.123.4.128	"
"83.110.107.76	"
"50.246.50.177	"
"70.167.209.118	"
"88.201.64.186	"
"91.150.150.62	"
"83.110.81.212	"
"69.27.131.16	"
"77.78.217.167	"
"186.0.133.194	"
"177.202.96.74	"
"201.111.101.145	"
"190.153.57.202	"
"184.161.150.96	"
"188.135.27.58	"
"67.128.170.234	"
"86.98.214.219	"
"201.185.98.191	"
"201.49.72.130	"
"109.118.33.85	"
"178.156.122.200	"
"181.37.41.225	"
"217.165.51.207	"
"72.129.177.196	"
"211.4.3.68	"
"82.200.107.150	"
"81.37.118.223	"
"80.107.48.171	"
"50.236.38.252	"
"203.122.213.88	"
"69.159.164.117	"
"178.20.188.21	"
"103.43.147.73	"
"75.67.29.109	"
"184.144.106.137	"
"64.83.253.118	"
"58.221.148.242	"
"82.62.67.13	"
"190.140.189.207	"
"170.76.182.1	"
"50.250.189.84	"
"120.150.99.53	"
"190.67.185.33	"
"186.101.220.169	"
"89.82.104.45	"
"119.128.153.8	"
"189.222.125.97	"
"88.230.31.177	"
"141.135.141.181	"
"151.182.208.11	"
"183.178.124.216	"
"187.153.67.118	"
"62.1.87.135	"
"213.221.25.58	"
"74.127.78.144	"
"105.228.46.32	"
"173.217.247.127	"
"92.119.234.130	"
"37.58.155.12	"
"202.74.243.138	"
"180.190.168.206	"
"85.105.128.61	"
"73.116.202.77	"
"217.141.54.253	"
"188.9.240.42	"
"80.106.142.177	"
"196.61.212.18	"
"154.66.107.173	"
"78.188.44.121	"
"49.205.182.34	"
"87.249.39.222	"
"79.0.150.193	"
"172.115.82.57	"
"45.5.155.8	"
"190.148.148.70	"
"97.125.170.119	"
"174.20.114.120	"
"186.178.48.106	"
"2.87.30.246	"
"109.220.230.179	"
"95.143.124.6	"
"175.137.133.85	"
"67.133.83.94	"
"113.161.184.20	"
"208.118.235.7	"
"2.136.164.38	"
"122.171.38.238	"
"97.90.51.166	"
"198.28.133.1	"
"47.180.39.6	"
"217.165.0.195	"
"149.135.101.20	"
"190.57.143.126	"
"73.52.110.73	"
"122.176.49.2	"
"2.47.52.66	"
"90.175.88.99	"
"23.24.251.10	"
"83.61.29.204	"
"13.237.91.151	"
"118.67.219.158	"
"82.65.157.60	"
"183.195.120.58	"
"190.171.153.106	"
"195.238.184.38	"
"190.12.3.62	"
"83.110.229.113	"
"96.47.109.65	"
"213.98.22.217	"
"43.225.26.150	"
"94.200.120.150	"
"173.167.1.29	"
"155.207.207.122	"
"186.4.155.94	"
"102.222.255.62	"
"95.176.185.52	"
"36.68.14.120	"
"62.171.149.34	"
"160.119.221.42	"
"63.143.125.133	"
"190.92.33.90	"
"12.18.119.226	"
"189.241.16.198	"
"67.143.160.17	"
"217.165.160.133	"
"50.36.2.130	"
"66.44.253.228	"
"85.221.146.82	"
"83.56.115.205	"
"216.251.86.139	"
"190.121.138.98	"
"200.49.46.130	"
"178.134.41.102	"
"185.148.254.60	"
"181.62.207.164	"
"174.95.77.85	"
"159.0.214.113	"
"96.94.169.9	"
"178.15.97.198	"
"65.93.63.6	"
"2.139.173.200	"
"70.25.2.148	"
"177.240.106.82	"
"213.157.250.150	"
"174.131.27.233	"
"1.179.244.251	"
"190.230.169.114	"
"131.161.253.54	"
"161.132.101.74	"
"195.53.46.11	"
"104.244.193.40	"
"186.19.243.186	"
"103.232.216.142	"
"84.205.235.7	"
"94.69.124.97	"
"165.73.133.198	"
"189.173.100.189	"
"190.39.6.57	"
"102.65.139.16	"
"163.47.36.74	"
"88.242.67.87	"
"105.184.160.4	"
"186.30.167.225	"
"181.57.32.93	"
"12.191.251.18	"
"24.236.55.122	"
"185.195.47.168	"
"187.34.252.71	"
"187.133.45.145	"
"80.85.57.84	"
"197.87.26.124	"
"124.105.95.237	"
"187.152.159.118	"
"64.233.150.114	"
"62.246.85.169	"
"85.187.47.53	"
"189.179.212.204	"
"175.137.149.2	"
"2.136.166.72	"
"50.206.170.134	"
"77.32.68.14	"
"65.94.167.167	"
"187.199.106.21	"
"194.250.246.217	"
"91.140.86.101	"
"93.66.184.226	"
"64.146.129.16	"
"113.160.99.103	"
"64.250.222.68	"
"2.39.77.12	"
"27.131.52.218	"
"192.248.177.213	"
"43.252.233.242	"
"80.38.139.189	"
"125.212.37.72	"
"51.223.177.205	"
"185.22.219.212	"
"162.229.23.201	"
"50.77.154.193	"
"58.33.2.195	"
"185.122.233.73	"
"31.11.50.82	"
"186.248.179.43	"
"122.160.1.50	"
"190.214.22.90	"
"63.143.99.205	"
"189.175.215.171	"
"73.28.86.123	"
"186.147.225.19	"
"50.209.84.198	"
"95.186.125.11	"
"92.63.44.249	"
"86.98.222.80	"
"190.123.92.146	"
"95.227.65.108	"
"87.238.151.115	"
"142.116.31.253	"
"194.179.48.122	"
"101.109.242.12	"
"83.110.1.141	"
"200.75.3.210	"
"194.184.129.154	"
"189.226.114.46	"
"187.62.156.121	"
"88.247.158.130	"
"84.15.252.216	"
"45.115.85.126	"
"92.82.166.159	"
"190.161.89.41	"
"181.198.96.218	"
"186.1.141.181	"
"51.36.205.69	"
"200.104.8.171	"
"75.66.230.55	"
"72.138.73.122	"
"212.42.198.34	"
"37.70.178.143	"
"177.247.78.82	"
"41.223.158.156	"
"70.26.174.232	"
"181.239.252.85	"
"119.152.136.189	"
"88.2.247.156	"
"190.148.184.11	"
"46.141.88.198	"
"108.250.184.41	"
"61.93.217.78	"
"67.77.249.18	"
"187.23.104.117	"
"84.83.62.36	"
"138.128.237.90	"
"102.118.95.252	"
"190.148.50.31	"
"201.132.155.46	"
"65.166.246.32	"
"176.221.154.2	"
"87.244.204.147	"
"67.129.92.14	"
"5.89.54.179	"
"181.41.238.78	"
"186.77.196.12	"
"178.59.112.120	"
"201.73.213.226	"
"190.148.51.167	"
"80.116.39.11	"
"65.255.100.138	"
"95.56.245.62	"
"200.59.154.232	"
"41.217.236.7	"
"183.88.186.168	"
"185.105.131.233	"
"59.120.197.131	"
"189.175.216.233	"
"51.235.7.38	"
"96.78.7.65	"
"72.194.237.23	"
"160.248.192.24	"
"152.0.118.162	"
"108.215.89.182	"
"179.6.223.7	"
"151.29.165.212	"
"190.242.162.178	"
"153.167.213.165	"
"87.202.67.177	"
"96.57.109.99	"
"193.238.139.114	"
"27.123.141.133	"
"45.120.36.58	"
"181.199.52.68	"
"85.57.127.139	"
"195.135.98.211	"
"49.35.79.154	"
"66.191.25.5	"
"113.53.91.241	"
"186.70.34.89	"
"194.183.72.1	"
"94.206.192.159	"
"141.239.252.240	"
"186.59.248.48	"
"49.206.252.48	"
"200.59.185.50	"
"67.173.117.168	"
"210.186.134.253	"
"185.36.0.32	"
"1.169.192.222	"
"87.229.219.10	"
"41.206.39.53	"
"96.235.168.45	"
"187.226.8.74	"
"186.22.47.14	"
"189.210.153.98	"
"191.100.17.73	"
"189.218.43.40	"
"41.164.194.153	"
"83.48.100.88	"
"176.235.247.74	"
"77.106.157.34	"
"189.5.176.215	"
"189.90.241.222	"
"86.98.19.76	"
"115.135.43.58	"
"190.202.177.63	"
"74.58.172.58	"
"103.206.170.38	"
"120.157.89.85	"
"217.165.147.11	"
"75.149.18.81	"
"220.247.199.158	"
"197.248.30.114	"
"94.64.30.184	"
"181.52.90.92	"
"27.135.48.155	"
"187.235.228.110	"
"191.81.33.128	"
"181.36.196.5	"
"189.140.33.231	"
"81.1.214.143	"
"186.189.234.93	"
"49.15.201.108	"
"68.188.87.78	"
"187.218.224.57	"
"197.188.226.170	"
"66.76.140.218	"
"72.84.180.125	"
"195.174.36.234	"
"75.108.40.194	"
"78.21.209.252	"
"177.92.144.151	"
"89.225.208.146	"
"189.203.193.191	"
"107.221.86.57	"
"81.1.14.179	"
"99.229.28.211	"
"190.192.112.50	"
"186.154.62.84	"
"189.42.4.50	"
"181.112.206.123	"
"85.50.2.252	"
"80.106.138.218	"
"107.134.241.161	"
"217.165.11.22	"
"45.230.124.237	"
"49.248.28.74	"
"24.201.71.195	"
"83.35.19.36	"
"179.38.69.30	"
"175.157.47.46	"
"70.251.213.217	"
"193.168.152.210	"
"201.223.109.115	"
"91.193.131.122	"
"73.145.83.239	"
"83.48.4.217	"
"51.39.32.91	"
"103.38.4.118	"
"181.188.191.90	"
"47.180.121.68	"
"187.0.177.186	"
"177.220.174.34	"
"158.140.143.244	"
"194.224.6.173	"
"80.24.200.247	"
"174.232.4.119	"
"189.162.15.135	"
"185.204.205.175	"
"189.232.123.148	"
"50.110.21.129	"
"190.244.33.172	"
"91.93.156.88	"
"76.204.121.52	"
"187.209.70.201	"
"62.160.45.125	"
"156.205.112.109	"
"93.73.126.154	"
"75.50.57.113	"
"197.140.21.18	"
"46.27.2.37	"
"81.214.111.27	"
"181.143.45.234	"
"93.49.171.36	"
"96.91.97.34	"
"181.36.196.114	"
"152.206.56.134	"
"190.193.238.211	"
"192.140.91.207	"
"81.186.12.186	"
"181.189.141.62	"
"87.127.197.15	"
"83.110.159.150	"
"177.222.250.50	"
"49.129.43.16	"
"191.243.201.235	"
"193.248.218.17	"
"148.255.240.143	"
"89.216.118.66	"
"170.247.1.51	"
"187.208.10.82	"
"189.206.92.198	"
"201.182.16.1	"
"197.59.139.103	"
"95.185.167.65	"
"176.162.149.209	"
"190.144.139.130	"
"186.233.20.106	"
"88.9.204.191	"
"81.40.236.6	"
"197.98.11.82	"
"186.101.232.37	"
"81.183.105.31	"
"124.18.29.122	"
"103.244.175.3	"
"94.55.200.15	"
"187.136.30.242	"
"184.187.231.66	"
"145.14.162.99	"
"189.248.204.89	"
"63.143.98.11	"
"151.253.160.2	"
"217.109.7.1	"
"1.136.244.156	"
"84.186.251.76	"
"50.249.221.222	"
"169.255.220.4	"
"200.87.208.99	"
"58.227.149.239	"
"99.105.248.140	"
"88.247.46.245	"
"24.249.137.194	"
"82.76.77.230	"
"41.170.33.85	"
"45.221.74.50	"
"102.186.184.152	"
"202.62.14.246	"
"210.83.217.38	"
"5.156.24.156	"
"50.243.235.217	"
"203.109.114.0	"
"161.132.193.184	"
"204.11.239.159	"
"90.89.107.72	"
"86.98.18.151	"
"95.250.129.12	"
"62.110.197.11	"
"196.216.66.22	"
"78.101.167.117	"
"93.40.230.86	"
"190.211.137.57	"
"69.92.36.2	"
"156.213.169.196	"
"62.24.124.130	"
"41.140.245.242	"
"76.14.183.48	"
"117.203.103.135	"
"47.21.35.126	"
"72.91.81.59	"
"41.84.246.155	"
"82.62.50.247	"
"89.147.201.20	"
"190.152.182.154	"
"144.129.21.99	"
"105.235.139.101	"
"195.182.72.2	"
